Chips Potato Reg 43g,18.88,Food
Muffin Batt - Carrot Spice,29.54,Food
Cilantro / Coriander - Fresh,7.11,Food
Clementine,21.69,Etc
Wine - Soave Folonari,21.33,Drink
Stock - Beef, White,20.27,Food
Cheese - Romano, Grated,4.68,Food
Chives - Fresh,3.87,Food
Wine - White, French Cross,15.24,Drink
Juice - Orange 1.89l,21.54,Drink
Quail - Eggs, Fresh,12.62,Food
Ham - Black Forest,19.05,Food
Ecolab - Medallion,29.64,Food
Oil - Grapeseed Oil,22.16,Etc
Bread - Rolls, Corn,19.08,Food
Pepper - Cayenne,7.08,Food
Lid Coffeecup 12oz D9542b,19.14,Etc
Garlic - Primerba, Paste,0.95,Food
Beans - French,29.38,Food
